{"identity":{"exceptionBiometrics":{},"biometrics":{"introducer":{},"applicant-auth":{},"applicant":{"rightIndex":{"birindex":"4c099c1f-4fb2-4de3-8a2f-928f79430e9b","forceCaptured":false,"numRetry":1},"leftEye":{"birindex":"4c099c1f-4fb2-4de3-8a2f-928f79430e9b","forceCaptured":false,"numRetry":1},"leftLittle":{"birindex":"4c099c1f-4fb2-4de3-8a2f-928f79430e9b","forceCaptured":false,"numRetry":1},"rightLittle":{"birindex":"4c099c1f-4fb2-4de3-8a2f-928f79430e9b","forceCaptured":false,"numRetry":1},"leftIndex":{"birindex":"4c099c1f-4fb2-4de3-8a2f-928f79430e9b","forceCaptured":false,"numRetry":1},"face":{"birindex":"4c099c1f-4fb2-4de3-8a2f-928f79430e9b","forceCaptured":false,"numRetry":1},"rightThumb":{"birindex":"4c099c1f-4fb2-4de3-8a2f-928f79430e9b","forceCaptured":false,"numRetry":1},"rightEye":{"birindex":"4c099c1f-4fb2-4de3-8a2f-928f79430e9b","forceCaptured":false,"numRetry":1},"rightRing":{"birindex":"4c099c1f-4fb2-4de3-8a2f-928f79430e9b","forceCaptured":false,"numRetry":1},"rightMiddle":{"birindex":"4c099c1f-4fb2-4de3-8a2f-928f79430e9b","forceCaptured":false,"numRetry":1},"leftThumb":{"birindex":"4c099c1f-4fb2-4de3-8a2f-928f79430e9b","forceCaptured":false,"numRetry":1},"leftRing":{"birindex":"4c099c1f-4fb2-4de3-8a2f-928f79430e9b","forceCaptured":false,"numRetry":1},"leftMiddle":{"birindex":"4c099c1f-4fb2-4de3-8a2f-928f79430e9b","forceCaptured":false,"numRetry":1}}},"metaData":[{"label":"creationDate","value":"2022-01-28T22:36:18.495Z"},{"label":"centerId","value":"10001"},{"label":"machineId","value":"10077"},{"label":"registrationId","value":"10001100771006920220128223618"},{"label":"registrationType","value":"New"}],"documents":[{"refNumber":null,"documentCategory":"POA","documentOwner":"Applicant","documentName":"proofOfAddress"},{"refNumber":null,"documentCategory":"POI","documentOwner":"Applicant","documentName":"proofOfIdentity"},{"refNumber":null,"documentCategory":"POR","documentOwner":"Applicant","documentName":"proofOfRelationship"},{"refNumber":null,"documentCategory":"POE","documentOwner":"Applicant","documentName":"proofOfException"}],"registrationId":"10001100771006920220128223618","capturedRegisteredDevices":[],"creationDate":"2022-01-28T22:36:18.495Z","operationsData":[{"label":"officerId","value":"110125"},{"label":"officerBiometricFileName","value":null},{"label":"supervisorId","value":"110125"},{"label":"supervisorBiometricFileName","value":null},{"label":"supervisorPassword","value":"true"},{"label":"officerPassword","value":"true"},{"label":"supervisorPIN","value":null},{"label":"officerPIN","value":null},{"label":"supervisorOTPAuthentication","value":"false"},{"label":"officerOTPAuthentication","value":"false"}],"hashSequence2":[],"hashSequence1":[{"label":"demographicSequence","value":["ID"]}]}}