{"introducerBiometrics":"null","identity":{"proofOfAddress":{"format":"pdf","type":"RNC","value":"proofOfAddress"},"gender":[{"language":"eng","value":"MLE"},{"language":"ara","value":"MLE"}],"city":[{"language":"eng","value":"Kenitra"},{"language":"ara","value":"كِنِترَ"},{"language":"fra","value":"Kenitra"}],"postalCode":"10114","fullName":[{"language":"eng","value":"pavlotvlcsqnqwbzujyxdclbcaodim jxjlmaebfcoaxtlsjofldsseunlhvn iafpvwdivlxhhtwnvvpiahqlsurqjh"},{"language":"ara","value":"پَڤلُتڤلكسقنقوبزُجيكسدكلبكَُدِم جكسجلمَِبفكَُكستلسجُفلدسسُِنلهڤن َِفپڤودِڤلكسههتونڤڤپَِهقلسُرقجه"},{"language":"fra","value":"pavlotvlcsqnqwbzujyxdclbcaodim jxjlmaebfcoaxtlsjofldsseunlhvn iafpvwdivlxhhtwnvvpiahqlsurqjh"}],"dateOfBirth":"1958/01/29","proofOfIdentity":{"format":"pdf","type":"DOC001","value":"proofOfIdentity"},"individualBiometrics":{"format":"cbeff","version":1,"value":"individualBiometrics_bio_CBEFF"},"IDSchemaVersion":0.1,"province":[{"language":"eng","value":"Kenitra"},{"language":"ara","value":"كِنِترَ"},{"language":"fra","value":"Kenitra"}],"zone":[{"language":"eng","value":"Ben Mansour"},{"language":"ara","value":"بِن مَنسُُر"},{"language":"fra","value":"Ben Mansour"}],"phone":"0000535081","addressLine1":[{"language":"eng","value":"?=촞$粂"},{"language":"ara","value":"؟=كهُج$زهَاِ"},{"language":"fra","value":"?=choj$zhāi"}],"addressLine2":[{"language":"eng","value":"?=阧큲$ꎪ貽ⱌ"},{"language":"ara","value":"؟=دُُ̌كُِنه$ꎪ يِ́ⱌ"},{"language":"fra","value":"?=dǒukeunh$ꎪ yíⱌ"}],"proofOfRelationship":{"format":"pdf","type":"CRN","value":"proofOfRelationship"},"addressLine3":[{"language":"eng","value":"?=Ӫ㨖狘"},{"language":"ara","value":"؟=Ӫ زهِ̀ كسُِ̀"},{"language":"fra","value":"?=Ӫ zhì xuè"}],"region":[{"language":"eng","value":"Rabat Sale Kenitra"},{"language":"ara","value":"رَبَت سَلِ كِنِترَ"},{"language":"fra","value":"Rabat Sale Kenitra"}],"email":"pavlotvlcsqnqwbzujyxdclbcaod.iafpvwdivlxhhtwnvvpiahqlsurq.8172@mailinator.com"}}